-- phpMyAdmin SQL Dump
-- version 5.2.0
-- https://www.phpmyadmin.net/
--
-- 主机： 127.0.0.1
-- 生成日期： 2023-06-05 04:47:51
-- 服务器版本： 10.4.27-MariaDB
-- PHP 版本： 8.2.0

SET SQL_MODE = "NO_AUTO_VALUE_ON_ZERO";
START TRANSACTION;
SET time_zone = "+00:00";


/*!40101 SET @OLD_CHARACTER_SET_CLIENT=@@CHARACTER_SET_CLIENT */;
/*!40101 SET @OLD_CHARACTER_SET_RESULTS=@@CHARACTER_SET_RESULTS */;
/*!40101 SET @OLD_COLLATION_CONNECTION=@@COLLATION_CONNECTION */;
/*!40101 SET NAMES utf8mb4 */;

--
-- 数据库： `sgm`
--

-- --------------------------------------------------------

--
-- 表的结构 `inspect`
--

CREATE TABLE `inspect` (
  `no` varchar(20) NOT NULL,
  `username` varchar(20) NOT NULL,
  `score` varchar(20) NOT NULL,
  `time` varchar(20) NOT NULL,
  `start` varchar(20) NOT NULL
) ENGINE=InnoDB DEFAULT CHARSET=utf8mb4 COLLATE=utf8mb4_general_ci;

--
-- 转存表中的数据 `inspect`
--

INSERT INTO `inspect` (`no`, `username`, `score`, `time`, `start`) VALUES
('11', 'aaa', '50', '5', ''),
('12', 'aaa', '50', '9', ''),
('13', 'aaa', '100', '5', ''),
('15', 'aaa', '0', '329', ''),
('16', 'aaa', '50', '12', ''),
('17', 'aaa', '50', '24', ''),
('18', 'aaa', '0', '8', ''),
('19', 'aaa', '67', '15', ''),
('15', 'aaaa', '0', '4', ''),
('21', 'aaa', '0', '5', '2023-05-30 20:31:43');

-- --------------------------------------------------------

--
-- 表的结构 `learning_record`
--

CREATE TABLE `learning_record` (
  `username` varchar(20) NOT NULL,
  `score` varchar(40) NOT NULL,
  `start_time` varchar(40) NOT NULL,
  `end_time` varchar(40) NOT NULL
) ENGINE=InnoDB DEFAULT CHARSET=utf8mb4 COLLATE=utf8mb4_general_ci;

--
-- 转存表中的数据 `learning_record`
--

INSERT INTO `learning_record` (`username`, `score`, `start_time`, `end_time`) VALUES
('aaa', '30', '2023-05-17 09:43:39', '2023-05-17 09:43:51'),
('aaa', '0', '2023-05-17 13:16:21', '2023-05-17 13:16:36'),
('aaa', '0', '2023-05-17 13:19:50', '2023-05-17 13:20:05'),
('aaa', '0', '2023-05-17 13:21:56', '2023-05-17 13:22:09'),
('aaa', '0', '2023-05-17 13:23:38', '2023-05-17 13:23:54'),
('aaa', '0', '2023-05-17 13:26:16', '2023-05-17 13:26:30'),
('aaa', '0', '2023-05-17 13:27:26', '2023-05-17 13:27:38'),
('aaa', '0', '2023-05-17 13:30:20', '2023-05-17 13:30:34'),
('aaa', '40', '2023-05-17 13:31:32', '2023-05-17 13:31:46'),
('aaa', '20', '2023-05-17 13:52:55', '2023-05-17 13:53:15'),
('11', '20', '2023-05-17 16:06:46', '2023-05-17 16:07:01'),
('aaa', '30', '2023-05-22 10:32:00', '2023-05-22 10:32:14'),
('aaa', '30', '2023-05-22 11:50:06', '2023-05-22 11:50:17'),
('aaa', '40', '2023-05-22 22:21:54', '2023-05-22 22:22:04'),
('aaaa', '40', '2023-05-23 12:03:09', '2023-05-23 12:03:20'),
('aaa', '30', '2023-05-23 18:38:57', '2023-05-23 18:39:17'),
('aaaa', '30', '2023-05-25 08:01:42', '2023-05-25 08:01:56'),
('aaaa', '20', '2023-05-25 08:01:42', '2023-05-25 08:02:21'),
('aaaa', '10', '2023-05-25 08:03:59', '2023-05-25 08:04:11'),
('aaa', '10', '2023-05-25 08:05:01', '2023-05-25 08:05:14'),
('aaa', '20', '2023-05-25 08:05:01', '2023-05-25 08:05:46'),
('aaa', '50', '2023-05-25 09:29:16', '2023-05-25 09:31:25'),
('aaa', '30', '2023-05-26 16:15:38', '2023-05-26 16:15:49'),
('aaa', '60', '2023-05-30 12:22:35', '2023-05-30 12:23:05'),
('aaa', '20', '2023-05-30 20:30:53', '2023-05-30 20:31:17'),
('aaa', '30', '2023-05-31 19:32:21', '2023-05-31 19:32:32'),
('aaa', '40', '2023-06-03 10:15:10', '2023-06-03 10:15:24'),
('aaa', '20', '2023-06-03 11:08:47', '2023-06-03 11:09:20'),
('aaa', '60', '2023-06-03 11:26:44', '2023-06-03 11:26:59'),
('aaa', '30', '2023-06-04 10:30:32', '2023-06-04 10:33:46'),
('aaa', '20', '2023-06-05 09:58:36', '2023-06-05 09:58:48');

-- --------------------------------------------------------

--
-- 表的结构 `paper`
--

CREATE TABLE `paper` (
  `no` varchar(20) NOT NULL,
  `num` varchar(20) NOT NULL,
  `start` varchar(20) NOT NULL,
  `end` varchar(20) NOT NULL
) ENGINE=InnoDB DEFAULT CHARSET=utf8mb4 COLLATE=utf8mb4_general_ci;

--
-- 转存表中的数据 `paper`
--

INSERT INTO `paper` (`no`, `num`, `start`, `end`) VALUES
('1', '1', '2023-05-19 22:14:00', '2023-05-19 22:14:00'),
('2', '1', '2023-05-19 22:15:00', '2023-05-19 22:15:00'),
('2', '2', '2023-05-19 22:15:00', '2023-05-19 22:15:00'),
('3', '2', '2023-05-19 22:16:00', '2023-05-19 22:20:00'),
('4', '1', '2023-05-19 22:21:00', '2023-05-19 22:25:00'),
('4', '2', '2023-05-19 22:21:00', '2023-05-19 22:25:00'),
('5', '1', '2023-05-19 22:22:00', '2023-05-19 22:27:00'),
('5', '2', '2023-05-19 22:22:00', '2023-05-19 22:27:00'),
('5', '3', '2023-05-19 22:22:00', '2023-05-19 22:27:00'),
('5', '4', '2023-05-19 22:22:00', '2023-05-19 22:27:00'),
('6', '1', '2023-05-19 22:25:00', '2023-05-19 22:25:00'),
('6', '2', '2023-05-19 22:25:00', '2023-05-19 22:25:00'),
('6', '3', '2023-05-19 22:25:00', '2023-05-19 22:25:00'),
('7', '1', '2023-05-19 22:27:00', '2023-05-19 22:27:00'),
('7', '2', '2023-05-19 22:27:00', '2023-05-19 22:27:00'),
('7', '3', '2023-05-19 22:27:00', '2023-05-19 22:27:00'),
('8', '1', '2023-05-19 22:30:00', '2023-05-19 22:30:00'),
('8', '2', '2023-05-19 22:30:00', '2023-05-19 22:30:00'),
('8', '3', '2023-05-19 22:30:00', '2023-05-19 22:30:00'),
('9', '1', '2023-05-19 22:41:00', '2023-05-19 22:45:00'),
('9', '2', '2023-05-19 22:41:00', '2023-05-19 22:45:00'),
('10', '1', '2023-05-20 19:34:00', '2023-05-20 19:38:00'),
('10', '5', '2023-05-20 19:34:00', '2023-05-20 19:38:00'),
('11', '1', '2023-05-20 20:11:00', '2023-05-25 20:11:00'),
('11', '2', '2023-05-20 20:11:00', '2023-05-25 20:11:00'),
('12', '1', '2023-05-20 23:00:00', '2023-05-27 23:00:00'),
('12', '2', '2023-05-20 23:00:00', '2023-05-27 23:00:00'),
('13', '1', '2023-05-20 23:07:00', '2023-05-27 23:07:00'),
('13', '2', '2023-05-20 23:07:00', '2023-05-27 23:07:00'),
('14', '1', '2023-05-20 23:09:00', '2023-05-20 14:09:00'),
('15', '4', '2023-05-20 23:24:00', '2023-05-27 23:24:00'),
('16', '1', '2023-05-21 15:11:00', '2023-05-24 15:11:00'),
('16', '3', '2023-05-21 15:11:00', '2023-05-24 15:11:00'),
('17', '4', '2023-05-21 15:58:00', '2023-05-26 15:58:00'),
('17', '5', '2023-05-21 15:58:00', '2023-05-26 15:58:00'),
('18', '5', '2023-05-21 16:19:00', '2023-05-24 16:19:00'),
('18', '7', '2023-05-21 16:19:00', '2023-05-24 16:19:00'),
('19', '3', '2023-05-22 14:57:00', '2023-05-24 14:57:00'),
('19', '4', '2023-05-22 14:57:00', '2023-05-24 14:57:00'),
('19', '5', '2023-05-22 14:57:00', '2023-05-24 14:57:00'),
('20', '10', '2023-05-23 18:40:00', '2023-05-24 18:40:00'),
('20', '11', '2023-05-23 18:40:00', '2023-05-24 18:40:00'),
('21', '2', '2023-05-30 20:30:00', '2023-05-31 20:30:00'),
('21', '3', '2023-05-30 20:30:00', '2023-05-31 20:30:00'),
('22', '1', '2023-06-04 10:34:00', '2023-06-07 10:34:00'),
('22', '2', '2023-06-04 10:34:00', '2023-06-07 10:34:00');

-- --------------------------------------------------------

--
-- 表的结构 `question_bank`
--

CREATE TABLE `question_bank` (
  `no` int(11) NOT NULL,
  `content` varchar(200) NOT NULL,
  `option1` varchar(20) NOT NULL,
  `option2` varchar(20) NOT NULL,
  `option3` varchar(20) NOT NULL,
  `option4` varchar(20) NOT NULL,
  `answer` varchar(20) NOT NULL
) ENGINE=InnoDB DEFAULT CHARSET=utf8mb4 COLLATE=utf8mb4_general_ci;

--
-- 转存表中的数据 `question_bank`
--

INSERT INTO `question_bank` (`no`, `content`, `option1`, `option2`, `option3`, `option4`, `answer`) VALUES
(1, '《党章》规定，对要求入党的积极分子进行教育和培养，要重视在生产、工作第一线和（）中发展党员。', '工人', '农民', '青年', '知识分子', 'C'),
(2, '企业、农村、机关、学校、科研院所、街道社区、社会组织、人民解放军连队和其他基层单位，凡是有正式党员（）人以上的，都应当成立党的基层组织。', '一', '二', '三', '四', 'C'),
(3, '党的中央和省、自治区、直辖市委员会实行巡视制度，在（）内，对所管理的地方、部门、企事业单位党组织实现巡视全覆盖。', '一年', '三年', '十年', '一届任期', 'D'),
(4, '党的基层委员会、总支部委员会、支部委员会每届任期（）。', '三年至五年', '两年或三年', '两年至三年', '三年或五年', 'D'),
(5, '党的基层委员会、总支部委员会、支部委员会的书记、副书记选举产生后，应报（）批准。', '上级党委', '上级组织部门', '上级党组织', '上级党组织书记', 'C'),
(6, '党的基层组织基本任务之一是对党员进行教育、管理、监督和服务，提高党员素质，坚定理想信念，增强党性，（），保障党员的权利不受侵犯。', '严格党的组织生活', '开展批评和自我批评', '维护和执行党的纪律', '监督党员切实履行义务', 'A'),
(7, '党的基层组织，根据工作需要和党员人数，经上级党组织批准，分别设立党的（）。', '基层委员会', '总支部委员会', '支部委员会', '地方委员会', 'ABC'),
(8, '党的市（地、州、盟）和县（市、区、旗）委员会建立（）制度。', '巡视', '巡察', '检查', '监察', 'B'),
(9, '实行行政领导人负责制的事业单位中党的基层组织，发挥（）作用。', '领导核心', '组织领导', '战斗堡垒', '监督检查', 'C'),
(10, '（）是党的全部工作和战斗力的基础。', '党的委员会', '党的基层组织', '党小组', '党支部', 'B'),
(11, '（ ）是党的根本组织原则，也是群众路线在党的生活中的运用。', '民主集中制', '为人民服务', '民主评议党员', '一切依靠群众', 'A'),
(12, '1921年7月23日至8月初,中国共产党第一次全国代表大会先后在（  ）召开。', '上海、天津', '上海、嘉兴', '北京、上海', '北京、上海', 'B'),
(13, '党支部对入党积极分子进行的培养考察时间？(   )', '半年以上', '三个月以上', '一年以上', '2年以上', 'C'),
(14, '中国共产党是(    )的先锋队，同时是中国人民和中华民族的先锋队。 B、村民委员会', '中国工人阶级', '中国工农阶级', '中国农民阶级', '中国知识分子阶级', 'A'),
(15, '坚持(    )，是我们的强国之路。', '经济建设', '改革开放', '解放思想', '', 'B'),
(16, '我们党的最大政治优势是密切联系群众，党执政后的最大危险是 (  )', '脱离党员', '脱离群众', '脱离干部', '', 'B'),
(17, '党必须按照总揽全局、协调各方的原则，在同级各种组织中发挥 (   ) 作用。', '领导核心', '民主自治', '指导', '', 'A'),
(18, '党的十六大第一次把（ ）作为我党的指导思想写入党章之中。', '马克思列宁主义', '毛泽东思想', '邓小平理论', '“三个代表”重要思想', 'D'),
(19, '要加强国家安全教育，增强全党全国人民国家安全意识，推动全社会形成维护国家安全的强大合力。', '对', '错', '', '', 'A'),
(20, '胡耀邦在三届一中全会上当选为团中央书记处第一书记', '对', '错', '', '', 'A'),
(21, '确立了邓小平建设有中国特色社会主义理论在全党的指导地位是在中共十五大上。', '对', '错', '', '', 'B'),
(22, '以下属于党的全国代表大会的职权的是（）。', '听取和审查中央委员会的报告', '讨论并决定党的重大问题', '修改党的章程', '修订中华人民共和国宪法', 'ABC'),
(23, '下列属于党的地方各级代表大会的职权的是（）。', '听取和审查同级委员会的报告', '审查同级纪律检查委员会的报告', '讨论本地区范围内的重大问题并作出决议', '选举同级党的委员会，选举同级党的纪律检查', 'ABCD'),
(24, '《党章》规定了党员必须具备的基本条件，包括：（）。', '是中国工人阶级的有共产主义觉悟的先锋战士', '必须全心全意为人民服务，不惜牺牲个人的一', '永远是劳动人民的普通一员', '有强烈的革命事业心和政治责任感', 'ABC'),
(25, '乡镇、乡、镇党的基层委员会和村、社区党组织、领导本地区的工作和基层社会治理，支持和保证（）充分行使职权', '行政组织', '经济组织', '和群众自治组织', '和其他特定组织', 'ABC'),
(26, '《党章》中对于党费的说明和规定包括（）。', '愿意按时交纳党费，是申请入党的前提条件', '党员如果没有正当理由，连续六个月不交纳党', '鼓励党员多交党费，以表达对党的忠诚', '党费可以从工资中代扣或让人代缴', 'AB'),
(27, '王某和孙某作为李某的入党介绍人，王某和孙某要履行哪些职责？（）', '认真了解申请人的思想、品质、经历和工作表', '向申请人解释党的纲领和党的章程', '向申请人说明党员的条件、义务和权利', '向党组织作出负责的报告', 'ABCD');

-- --------------------------------------------------------

--
-- 表的结构 `statistics`
--

CREATE TABLE `statistics` (
  `login` int(11) NOT NULL,
  `learn` int(11) NOT NULL,
  `time` varchar(20) NOT NULL
) ENGINE=InnoDB DEFAULT CHARSET=utf8mb4 COLLATE=utf8mb4_general_ci;

--
-- 转存表中的数据 `statistics`
--

INSERT INTO `statistics` (`login`, `learn`, `time`) VALUES
(55, 45, '2023-06-04 00:00:00.'),
(65, 54, '2023-07-06 00:00:00.'),
(52, 22, '2023-06-05 00:00:00.'),
(75, 71, '2023-06-06 00:00:00.'),
(31, 22, '2023-06-07 00:00:00.'),
(69, 66, '2023-06-08 00:00:00.'),
(22, 12, '2023-06-10 00:00:00.'),
(55, 45, '2023-06-01 00:00:00.');

-- --------------------------------------------------------

--
-- 表的结构 `users`
--

CREATE TABLE `users` (
  `username` varchar(20) NOT NULL,
  `password` varchar(20) NOT NULL,
  `email` varchar(20) NOT NULL,
  `role` varchar(10) DEFAULT NULL
) ENGINE=InnoDB DEFAULT CHARSET=utf8mb4 COLLATE=utf8mb4_general_ci;

--
-- 转存表中的数据 `users`
--

INSERT INTO `users` (`username`, `password`, `email`, `role`) VALUES
('2107010118', '666888aa', '2398625952@qq.com', 'admin'),
('a', 'a', '2398625952@qq.com', 'organizer'),
('aa', 'aa', '2398625952@qq.com', 'organizer'),
('aaa', 'aaa', '2398625952@qq.com', 'user'),
('aaaa', 'aaaa', '2398625952@qq.com', 'user'),
('aaq', 'aa', '2398625952@qq.com', 'admin');

--
-- 转储表的索引
--

--
-- 表的索引 `question_bank`
--
ALTER TABLE `question_bank`
  ADD PRIMARY KEY (`no`);

--
-- 表的索引 `users`
--
ALTER TABLE `users`
  ADD PRIMARY KEY (`username`);
COMMIT;

/*!40101 SET CHARACTER_SET_CLIENT=@OLD_CHARACTER_SET_CLIENT */;
/*!40101 SET CHARACTER_SET_RESULTS=@OLD_CHARACTER_SET_RESULTS */;
/*!40101 SET COLLATION_CONNECTION=@OLD_COLLATION_CONNECTION */;
